Accession;Name;Description;hour0_minus;hour0_plus;hour1_minus;hour1_plus;hour3_minus;hour3_plus
A0AVT1;UBA6;Ubiquitin-like modifier-activating enzyme 6 OS=Homo sapiens GN=UBA6 PE=1 SV=1;1;1;1;1;1;1
A0FGR8;ESYT2;Extended synaptotagmin-2 OS=Homo sapiens GN=ESYT2 PE=1 SV=1;1;1;1;1;1;1
A1X283;SPD2B;SH3 and PX domain-containing protein 2B OS=Homo sapiens GN=SH3PXD2B PE=1 SV=3;1;1;1;1;1;1
A3KN83;SBNO1;Protein strawberry notch homolog 1 OS=Homo sapiens GN=SBNO1 PE=1 SV=1;1;1;1;1;1;1
A6NHR9;SMHD1;Structural maintenance of chromosomes flexible hinge domain-containing protein 1 OS=Homo sapiens GN=SMCHD1 PE=1 SV=2;1;1;1;1;1;1
A8CG34;P121C;Nuclear envelope pore membrane protein POM 121C OS=Homo sapiens GN=POM121C PE=1 SV=2;1;1;1;1;1;1
H1ZYM0H1ZYM0_CHIKV;tr|H1ZYM0|H1ZYM0_CHIKV;Envelope protein (Fragment) OS=Chikungunya virus GN=E2 PE=4 SV=1;1;1;1;1;1;0
O00154;BACH;Cytosolic acyl coenzyme A thioester hydrolase OS=Homo sapiens GN=ACOT7 PE=1 SV=3;1;1;1;1;1;1
O00178;GTPB1;GTP-binding protein 1 OS=Homo sapiens GN=GTPBP1 PE=1 SV=3;1;1;1;1;1;1
O00182;LEG9;Galectin-9 OS=Homo sapiens GN=LGALS9 PE=1 SV=2;0;0;0;1;0;0
O00203;AP3B1;AP-3 complex subunit beta-1 OS=Homo sapiens GN=AP3B1 PE=1 SV=3;1;1;1;1;1;1
O00571;DDX3X;ATP-dependent RNA helicase DDX3X OS=Homo sapiens GN=DDX3X PE=1 SV=3;1;1;1;1;1;1
O14639;ABLM1;Actin-binding LIM protein 1 OS=Homo sapiens GN=ABLIM1 PE=1 SV=3;1;1;1;1;1;1
O14744;ANM5;Protein arginine N-methyltransferase 5 OS=Homo sapiens GN=PRMT5 PE=1 SV=4;1;1;1;1;1;1
O15027;SC16A;Protein transport protein Sec16A OS=Homo sapiens GN=SEC16A PE=1 SV=3;1;1;1;1;1;1
O15042;SR140;U2 snRNP-associated SURP motif-containing protein OS=Homo sapiens GN=U2SURP PE=1 SV=2;1;1;1;1;0;1
O15066;KIF3B;Kinesin-like protein KIF3B OS=Homo sapiens GN=KIF3B PE=1 SV=1;1;1;1;1;0;0
O15067;PUR4;Phosphoribosylformylglycinamidine synthase OS=Homo sapiens GN=PFAS PE=1 SV=4;1;1;1;1;1;1
O15143;ARC1B;Actin-related protein 2/3 complex subunit 1B OS=Homo sapiens GN=ARPC1B PE=1 SV=3;1;1;1;1;1;1
O15213;WDR46;WD repeat-containing protein 46 OS=Homo sapiens GN=WDR46 PE=1 SV=3;1;1;1;1;1;0
O15231;ZN185;Zinc finger protein 185 OS=Homo sapiens GN=ZNF185 PE=1 SV=3;1;1;1;1;1;1
O15260;SURF4;Surfeit locus protein 4 OS=Homo sapiens GN=SURF4 PE=1 SV=3;1;1;1;1;1;1
O15357;SHIP2;Phosphatidylinositol 3,4,5-trisphosphate 5-phosphatase 2 OS=Homo sapiens GN=INPPL1 PE=1 SV=2;1;1;1;1;1;1
O43143;DHX15;Pre-mRNA-splicing factor ATP-dependent RNA helicase DHX15 OS=Homo sapiens GN=DHX15 PE=1 SV=2;1;1;1;1;1;1
O43242;PSMD3;26S proteasome non-ATPase regulatory subunit 3 OS=Homo sapiens GN=PSMD3 PE=1 SV=2;1;1;1;1;1;1
O43390;HNRPR;Heterogeneous nuclear ribonucleoprotein R OS=Homo sapiens GN=HNRNPR PE=1 SV=1;1;1;1;1;1;1
O43395;PRPF3;U4/U6 small nuclear ribonucleoprotein Prp3 OS=Homo sapiens GN=PRPF3 PE=1 SV=2;1;1;1;1;1;1
O43491;E41L2;Band 4.1-like protein 2 OS=Homo sapiens GN=EPB41L2 PE=1 SV=1;1;1;1;1;1;1
O43660;PLRG1;Pleiotropic regulator 1 OS=Homo sapiens GN=PLRG1 PE=1 SV=1;1;1;1;1;1;1
O43684;BUB3;Mitotic checkpoint protein BUB3 OS=Homo sapiens GN=BUB3 PE=1 SV=1;1;1;1;1;1;1
O43747;AP1G1;AP-1 complex subunit gamma-1 OS=Homo sapiens GN=AP1G1 PE=1 SV=5;1;1;1;1;1;1
O43776;SYNC;Asparagine--tRNA ligase, cytoplasmic OS=Homo sapiens GN=NARS PE=1 SV=1;1;0;1;1;1;1
O43795;MYO1B;Unconventional myosin-Ib OS=Homo sapiens GN=MYO1B PE=1 SV=3;1;0;1;0;1;0
O43818;U3IP2;U3 small nucleolar RNA-interacting protein 2 OS=Homo sapiens GN=RRP9 PE=1 SV=1;1;1;1;1;1;0
O60231;DHX16;Putative pre-mRNA-splicing factor ATP-dependent RNA helicase DHX16 OS=Homo sapiens GN=DHX16 PE=1 SV=2;1;1;1;1;1;1
O60264;SMCA5;SWI/SNF-related matrix-associated actin-dependent regulator of chromatin subfamily A member 5 OS=Homo sapiens GN=SMARCA5 PE=1 SV=1;1;1;1;1;1;1
O60524;NEMF;Nuclear export mediator factor NEMF OS=Homo sapiens GN=NEMF PE=1 SV=4;1;1;1;1;1;1
O60701;UGDH;UDP-glucose 6-dehydrogenase OS=Homo sapiens GN=UGDH PE=1 SV=1;1;1;0;1;1;1
O60832;DKC1;H/ACA ribonucleoprotein complex subunit 4 OS=Homo sapiens GN=DKC1 PE=1 SV=3;1;0;1;1;0;0
O60841;IF2P;Eukaryotic translation initiation factor 5B OS=Homo sapiens GN=EIF5B PE=1 SV=4;1;1;1;1;1;1
O60934;NBN;Nibrin OS=Homo sapiens GN=NBN PE=1 SV=1;1;1;1;1;1;1
O75027;ABCB7;ATP-binding cassette sub-family B member 7, mitochondrial OS=Homo sapiens GN=ABCB7 PE=1 SV=2;1;1;0;1;0;1
O75083;WDR1;WD repeat-containing protein 1 OS=Homo sapiens GN=WDR1 PE=1 SV=4;1;1;1;1;1;1
O75131;CPNE3;Copine-3 OS=Homo sapiens GN=CPNE3 PE=1 SV=1;1;1;1;1;1;1
O75152;ZC11A;Zinc finger CCCH domain-containing protein 11A OS=Homo sapiens GN=ZC3H11A PE=1 SV=3;1;1;1;1;1;1
O75533;SF3B1;Splicing factor 3B subunit 1 OS=Homo sapiens GN=SF3B1 PE=1 SV=3;1;1;1;1;1;1
O75534;CSDE1;Cold shock domain-containing protein E1 OS=Homo sapiens GN=CSDE1 PE=1 SV=2;1;1;1;1;1;1
O75643;U520;U5 small nuclear ribonucleoprotein 200 kDa helicase OS=Homo sapiens GN=SNRNP200 PE=1 SV=2;1;1;1;1;1;1
O75694;NU155;Nuclear pore complex protein Nup155 OS=Homo sapiens GN=NUP155 PE=1 SV=1;1;1;1;1;1;1
O75915;PRAF3;PRA1 family protein 3 OS=Homo sapiens GN=ARL6IP5 PE=1 SV=1;1;1;1;1;1;1
O76021;RL1D1;Ribosomal L1 domain-containing protein 1 OS=Homo sapiens GN=RSL1D1 PE=1 SV=3;1;1;1;1;1;1
O76024;WFS1;Wolframin OS=Homo sapiens GN=WFS1 PE=1 SV=2;1;1;1;1;0;1
O94776;MTA2;Metastasis-associated protein MTA2 OS=Homo sapiens GN=MTA2 PE=1 SV=1;1;1;1;1;1;1
O94832;MYO1D;Unconventional myosin-Id OS=Homo sapiens GN=MYO1D PE=1 SV=2;1;1;1;1;1;1
O94979;SC31A;Protein transport protein Sec31A OS=Homo sapiens GN=SEC31A PE=1 SV=3;1;1;1;1;1;1
O95163;ELP1;Elongator complex protein 1 OS=Homo sapiens GN=IKBKAP PE=1 SV=3;1;1;1;1;1;1
O95239;KIF4A;Chromosome-associated kinesin KIF4A OS=Homo sapiens GN=KIF4A PE=1 SV=3;1;1;1;1;1;1
O95347;SMC2;Structural maintenance of chromosomes protein 2 OS=Homo sapiens GN=SMC2 PE=1 SV=2;1;1;1;1;1;1
O95433;AHSA1;Activator of 90 kDa heat shock protein ATPase homolog 1 OS=Homo sapiens GN=AHSA1 PE=1 SV=1;1;1;1;0;1;1
O95573;ACSL3;Long-chain-fatty-acid--CoA ligase 3 OS=Homo sapiens GN=ACSL3 PE=1 SV=3;1;1;1;1;1;0
O95782;AP2A1;AP-2 complex subunit alpha-1 OS=Homo sapiens GN=AP2A1 PE=1 SV=3;1;1;1;1;1;1
O95793;STAU1;Double-stranded RNA-binding protein Staufen homolog 1 OS=Homo sapiens GN=STAU1 PE=1 SV=2;1;0;0;0;0;1
O95819;M4K4;Mitogen-activated protein kinase kinase kinase kinase 4 OS=Homo sapiens GN=MAP4K4 PE=1 SV=2;1;1;1;1;1;1
O95864;FADS2;Fatty acid desaturase 2 OS=Homo sapiens GN=FADS2 PE=1 SV=1;1;1;1;1;1;1
O96008;TOM40;Mitochondrial import receptor subunit TOM40 homolog OS=Homo sapiens GN=TOMM40 PE=1 SV=1;1;1;0;0;0;0
P00338;LDHA;L-lactate dehydrogenase A chain OS=Homo sapiens GN=LDHA PE=1 SV=2;0;1;0;1;0;1
P00966;ASSY;Argininosuccinate synthase OS=Homo sapiens GN=ASS1 PE=1 SV=2;0;1;0;1;0;1
P02452;CO1A1;Collagen alpha-1(I) chain OS=Homo sapiens GN=COL1A1 PE=1 SV=5;1;1;1;1;1;1
P02786;TFR1;Transferrin receptor protein 1 OS=Homo sapiens GN=TFRC PE=1 SV=2;1;1;1;1;1;1
P04075;ALDOA;Fructose-bisphosphate aldolase A OS=Homo sapiens GN=ALDOA PE=1 SV=2;1;1;1;1;1;1
P04844;RPN2;Dolichyl-diphosphooligosaccharide--protein glycosyltransferase subunit 2 OS=Homo sapiens GN=RPN2 PE=1 SV=3;1;1;1;1;1;1
P05023;AT1A1;Sodium/potassium-transporting ATPase subunit alpha-1 OS=Homo sapiens GN=ATP1A1 PE=1 SV=1;1;1;1;1;1;1
P05141;ADT2;ADP/ATP translocase 2 OS=Homo sapiens GN=SLC25A5 PE=1 SV=7;1;1;1;1;1;1
P05787;K2C8;Keratin, type II cytoskeletal 8 OS=Homo sapiens GN=KRT8 PE=1 SV=7;1;1;0;1;1;1
P06396;GELS;Gelsolin OS=Homo sapiens GN=GSN PE=1 SV=1;1;1;1;1;1;1
P06733;ENOA;Alpha-enolase OS=Homo sapiens GN=ENO1 PE=1 SV=2;1;1;1;1;1;1
P06748;NPM;Nucleophosmin OS=Homo sapiens GN=NPM1 PE=1 SV=2;1;1;1;1;1;1
P07195;LDHB;L-lactate dehydrogenase B chain OS=Homo sapiens GN=LDHB PE=1 SV=2;1;1;1;1;1;1
P07305;H10;Histone H1.0 OS=Homo sapiens GN=H1F0 PE=1 SV=3;1;0;0;1;0;0
P07355;ANXA2;Annexin A2 OS=Homo sapiens GN=ANXA2 PE=1 SV=2;0;1;0;1;0;1
P07437;TBB5;Tubulin beta chain OS=Homo sapiens GN=TUBB PE=1 SV=2;1;1;1;1;1;1
P07478;TRY2;Trypsin-2 OS=Homo sapiens GN=PRSS2 PE=1 SV=1;1;1;0;1;1;0
P07737;PROF1;Profilin-1 OS=Homo sapiens GN=PFN1 PE=1 SV=2;1;1;1;1;1;1
P07900;HS90A;Heat shock protein HSP 90-alpha OS=Homo sapiens GN=HSP90AA1 PE=1 SV=5;1;1;1;1;1;1
P08195;4F2;4F2 cell-surface antigen heavy chain OS=Homo sapiens GN=SLC3A2 PE=1 SV=3;0;1;0;0;1;1
P08237;PFKAM;ATP-dependent 6-phosphofructokinase, muscle type OS=Homo sapiens GN=PFKM PE=1 SV=2;1;1;1;0;1;1
P08240;SRPRA;Signal recognition particle receptor subunit alpha OS=Homo sapiens GN=SRPRA PE=1 SV=2;1;1;1;1;1;1
P08243;ASNS;Asparagine synthetase [glutamine-hydrolyzing] OS=Homo sapiens GN=ASNS PE=1 SV=4;1;0;1;1;1;1
P09543;CN37;2',3'-cyclic-nucleotide 3'-phosphodiesterase OS=Homo sapiens GN=CNP PE=1 SV=2;0;0;0;1;0;1
P09960;LKHA4;Leukotriene A-4 hydrolase OS=Homo sapiens GN=LTA4H PE=1 SV=2;1;0;1;1;0;0
P10412;H14;Histone H1.4 OS=Homo sapiens GN=HIST1H1E PE=1 SV=2;1;0;1;0;0;0
P11021;GRP78;78 kDa glucose-regulated protein OS=Homo sapiens GN=HSPA5 PE=1 SV=2;1;1;1;1;1;1
P11142;HSP7C;Heat shock cognate 71 kDa protein OS=Homo sapiens GN=HSPA8 PE=1 SV=1;1;1;1;1;1;1
P11388;TOP2A;DNA topoisomerase 2-alpha OS=Homo sapiens GN=TOP2A PE=1 SV=3;1;1;1;1;1;1
P11413;G6PD;Glucose-6-phosphate 1-dehydrogenase OS=Homo sapiens GN=G6PD PE=1 SV=4;0;1;0;1;0;1
P11586;C1TC;C-1-tetrahydrofolate synthase, cytoplasmic OS=Homo sapiens GN=MTHFD1 PE=1 SV=3;1;1;1;1;1;1
P11940;PABP1;Polyadenylate-binding protein 1 OS=Homo sapiens GN=PABPC1 PE=1 SV=2;1;1;1;1;1;1
P12235;ADT1;ADP/ATP translocase 1 OS=Homo sapiens GN=SLC25A4 PE=1 SV=4;1;1;1;1;1;1
P12236;ADT3;ADP/ATP translocase 3 OS=Homo sapiens GN=SLC25A6 PE=1 SV=4;1;1;1;1;1;1
P12270;TPR;Nucleoprotein TPR OS=Homo sapiens GN=TPR PE=1 SV=3;1;1;0;1;1;1
P12956;XRCC6;X-ray repair cross-complementing protein 6 OS=Homo sapiens GN=XRCC6 PE=1 SV=2;1;1;1;1;1;1
P13010;XRCC5;X-ray repair cross-complementing protein 5 OS=Homo sapiens GN=XRCC5 PE=1 SV=3;1;1;1;1;1;1
P13646;K1C13;Keratin, type I cytoskeletal 13 OS=Homo sapiens GN=KRT13 PE=1 SV=4;1;1;1;1;1;1
P13798;ACPH;Acylamino-acid-releasing enzyme OS=Homo sapiens GN=APEH PE=1 SV=4;1;1;1;1;1;1
P13929;ENOB;Beta-enolase OS=Homo sapiens GN=ENO3 PE=1 SV=5;1;0;1;1;0;0
P14866;HNRPL;Heterogeneous nuclear ribonucleoprotein L OS=Homo sapiens GN=HNRNPL PE=1 SV=2;1;1;1;1;1;1
P14868;SYDC;Aspartate--tRNA ligase, cytoplasmic OS=Homo sapiens GN=DARS PE=1 SV=2;1;1;1;1;1;1
P15559;NQO1;NAD(P)H dehydrogenase [quinone] 1 OS=Homo sapiens GN=NQO1 PE=1 SV=1;1;0;0;0;0;0
P16403;H12;Histone H1.2 OS=Homo sapiens GN=HIST1H1C PE=1 SV=2;1;0;1;0;0;0
P16615;AT2A2;Sarcoplasmic/endoplasmic reticulum calcium ATPase 2 OS=Homo sapiens GN=ATP2A2 PE=1 SV=1;1;1;1;1;1;1
P17844;DDX5;Probable ATP-dependent RNA helicase DDX5 OS=Homo sapiens GN=DDX5 PE=1 SV=1;1;0;1;1;0;1
P17858;PFKAL;ATP-dependent 6-phosphofructokinase, liver type OS=Homo sapiens GN=PFKL PE=1 SV=6;1;0;1;1;1;1
P17987;TCPA;T-complex protein 1 subunit alpha OS=Homo sapiens GN=TCP1 PE=1 SV=1;0;0;0;1;0;1
P18085;ARF4;ADP-ribosylation factor 4 OS=Homo sapiens GN=ARF4 PE=1 SV=3;1;0;1;0;0;0
P18124;RL7;60S ribosomal protein L7 OS=Homo sapiens GN=RPL7 PE=1 SV=1;1;1;1;1;1;1
P18754;RCC1;Regulator of chromosome condensation OS=Homo sapiens GN=RCC1 PE=1 SV=1;1;1;1;1;1;1
P19012;K1C15;Keratin, type I cytoskeletal 15 OS=Homo sapiens GN=KRT15 PE=1 SV=3;1;1;1;1;1;1
P19013;K2C4;Keratin, type II cytoskeletal 4 OS=Homo sapiens GN=KRT4 PE=1 SV=4;1;1;0;0;1;1
P19367;HXK1;Hexokinase-1 OS=Homo sapiens GN=HK1 PE=1 SV=3;1;1;1;1;1;1
P19525;E2AK2;Interferon-induced, double-stranded RNA-activated protein kinase OS=Homo sapiens GN=EIF2AK2 PE=1 SV=2;0;1;0;1;0;0
P20700;LMNB1;Lamin-B1 OS=Homo sapiens GN=LMNB1 PE=1 SV=2;1;1;1;1;1;1
P21399;ACOC;Cytoplasmic aconitate hydratase OS=Homo sapiens GN=ACO1 PE=1 SV=3;1;1;1;1;1;1
P22087;FBRL;rRNA 2'-O-methyltransferase fibrillarin OS=Homo sapiens GN=FBL PE=1 SV=2;1;1;1;1;1;1
P22102;PUR2;Trifunctional purine biosynthetic protein adenosine-3 OS=Homo sapiens GN=GART PE=1 SV=1;1;1;1;1;1;1
P22234;PUR6;Multifunctional protein ADE2 OS=Homo sapiens GN=PAICS PE=1 SV=3;1;1;1;1;1;1
P22314;UBA1;Ubiquitin-like modifier-activating enzyme 1 OS=Homo sapiens GN=UBA1 PE=1 SV=3;0;1;0;1;0;1
P22626;ROA2;Heterogeneous nuclear ribonucleoproteins A2/B1 OS=Homo sapiens GN=HNRNPA2B1 PE=1 SV=2;1;1;1;1;1;1
P23284;PPIB;Peptidyl-prolyl cis-trans isomerase B OS=Homo sapiens GN=PPIB PE=1 SV=2;1;0;0;1;0;0
P23396;RS3;40S ribosomal protein S3 OS=Homo sapiens GN=RPS3 PE=1 SV=2;1;1;1;1;1;1
P25205;MCM3;DNA replication licensing factor MCM3 OS=Homo sapiens GN=MCM3 PE=1 SV=3;1;1;1;1;1;1
P25705;ATPA;ATP synthase subunit alpha, mitochondrial OS=Homo sapiens GN=ATP5A1 PE=1 SV=1;1;1;1;1;0;1
P26373;RL13;60S ribosomal protein L13 OS=Homo sapiens GN=RPL13 PE=1 SV=4;1;1;0;1;0;0
P26599;PTBP1;Polypyrimidine tract-binding protein 1 OS=Homo sapiens GN=PTBP1 PE=1 SV=1;1;1;1;1;1;1
P26639;SYTC;Threonine--tRNA ligase, cytoplasmic OS=Homo sapiens GN=TARS PE=1 SV=3;1;1;1;1;1;1
P26640;SYVC;Valine--tRNA ligase OS=Homo sapiens GN=VARS PE=1 SV=4;1;1;1;1;1;1
P26641;EF1G;Elongation factor 1-gamma OS=Homo sapiens GN=EEF1G PE=1 SV=3;1;1;1;1;1;1
P27635;RL10;60S ribosomal protein L10 OS=Homo sapiens GN=RPL10 PE=1 SV=4;1;0;0;0;0;0
P27694;RFA1;Replication protein A 70 kDa DNA-binding subunit OS=Homo sapiens GN=RPA1 PE=1 SV=2;1;1;1;1;1;1
P27695;APEX1;DNA-(apurinic or apyrimidinic site) lyase OS=Homo sapiens GN=APEX1 PE=1 SV=2;1;1;1;1;1;1
P27708;PYR1;CAD protein OS=Homo sapiens GN=CAD PE=1 SV=3;1;1;1;1;1;1
P28288;ABCD3;ATP-binding cassette sub-family D member 3 OS=Homo sapiens GN=ABCD3 PE=1 SV=1;1;0;1;1;0;0
P28340;DPOD1;DNA polymerase delta catalytic subunit OS=Homo sapiens GN=POLD1 PE=1 SV=2;1;1;1;1;1;1
P28370;SMCA1;Probable global transcription activator SNF2L1 OS=Homo sapiens GN=SMARCA1 PE=1 SV=2;1;1;1;1;1;1
P29144;TPP2;Tripeptidyl-peptidase 2 OS=Homo sapiens GN=TPP2 PE=1 SV=4;1;1;1;1;1;1
P29401;TKT;Transketolase OS=Homo sapiens GN=TKT PE=1 SV=3;1;1;1;1;1;1
P30041;PRDX6;Peroxiredoxin-6 OS=Homo sapiens GN=PRDX6 PE=1 SV=3;1;1;1;1;1;1
P30050;RL12;60S ribosomal protein L12 OS=Homo sapiens GN=RPL12 PE=1 SV=1;1;1;0;0;0;0
P30419;NMT1;Glycylpeptide N-tetradecanoyltransferase 1 OS=Homo sapiens GN=NMT1 PE=1 SV=2;1;1;1;1;1;0
P30876;RPB2;DNA-directed RNA polymerase II subunit RPB2 OS=Homo sapiens GN=POLR2B PE=1 SV=1;1;1;1;1;1;1
P31153;METK2;S-adenosylmethionine synthase isoform type-2 OS=Homo sapiens GN=MAT2A PE=1 SV=1;1;1;1;1;1;1
P31939;PUR9;Bifunctional purine biosynthesis protein PURH OS=Homo sapiens GN=ATIC PE=1 SV=3;0;0;0;1;0;0
P32455;GBP1;Guanylate-binding protein 1 OS=Homo sapiens GN=GBP1 PE=1 SV=2;0;0;0;0;0;1
P32969;RL9;60S ribosomal protein L9 OS=Homo sapiens GN=RPL9 PE=1 SV=1;1;1;1;1;1;0
P33176;KINH;Kinesin-1 heavy chain OS=Homo sapiens GN=KIF5B PE=1 SV=1;1;1;1;1;1;1
P33991;MCM4;DNA replication licensing factor MCM4 OS=Homo sapiens GN=MCM4 PE=1 SV=5;1;0;1;1;1;1
P33992;MCM5;DNA replication licensing factor MCM5 OS=Homo sapiens GN=MCM5 PE=1 SV=5;1;1;1;1;1;1
P33993;MCM7;DNA replication licensing factor MCM7 OS=Homo sapiens GN=MCM7 PE=1 SV=4;1;0;1;1;1;1
P35222;CTNB1;Catenin beta-1 OS=Homo sapiens GN=CTNNB1 PE=1 SV=1;1;0;0;0;0;0
P35241;RADI;Radixin OS=Homo sapiens GN=RDX PE=1 SV=1;1;1;1;1;1;1
P35251;RFC1;Replication factor C subunit 1 OS=Homo sapiens GN=RFC1 PE=1 SV=4;1;1;1;1;1;1
P35268;RL22;60S ribosomal protein L22 OS=Homo sapiens GN=RPL22 PE=1 SV=2;1;0;0;0;0;0
P35580;MYH10;Myosin-10 OS=Homo sapiens GN=MYH10 PE=1 SV=3;0;1;0;1;0;1
P35606;COPB2;Coatomer subunit beta' OS=Homo sapiens GN=COPB2 PE=1 SV=2;1;1;1;1;1;1
P36578;RL4;60S ribosomal protein L4 OS=Homo sapiens GN=RPL4 PE=1 SV=5;1;1;1;1;1;1
P36915;GNL1;Guanine nucleotide-binding protein-like 1 OS=Homo sapiens GN=GNL1 PE=1 SV=2;1;0;1;1;1;0
P38159;RBMX;RNA-binding motif protein, X chromosome OS=Homo sapiens GN=RBMX PE=1 SV=3;1;1;1;1;1;1
P39023;RL3;60S ribosomal protein L3 OS=Homo sapiens GN=RPL3 PE=1 SV=2;1;1;1;1;1;1
P40227;TCPZ;T-complex protein 1 subunit zeta OS=Homo sapiens GN=CCT6A PE=1 SV=3;0;1;0;0;0;0
P40429;RL13A;60S ribosomal protein L13a OS=Homo sapiens GN=RPL13A PE=1 SV=2;1;1;1;1;1;1
P40616;ARL1;ADP-ribosylation factor-like protein 1 OS=Homo sapiens GN=ARL1 PE=1 SV=1;1;0;0;0;0;0
P40763;STAT3;Signal transducer and activator of transcription 3 OS=Homo sapiens GN=STAT3 PE=1 SV=2;1;1;1;1;1;1
P41091;IF2G;Eukaryotic translation initiation factor 2 subunit 3 OS=Homo sapiens GN=EIF2S3 PE=1 SV=3;1;1;1;1;1;1
P41252;SYIC;Isoleucine--tRNA ligase, cytoplasmic OS=Homo sapiens GN=IARS PE=1 SV=2;0;1;0;1;0;1
P42285;SK2L2;Superkiller viralicidic activity 2-like 2 OS=Homo sapiens GN=SKIV2L2 PE=1 SV=3;1;1;1;1;1;1
P42677;RS27;40S ribosomal protein S27 OS=Homo sapiens GN=RPS27 PE=1 SV=3;1;0;1;0;0;0
P42696;RBM34;RNA-binding protein 34 OS=Homo sapiens GN=RBM34 PE=1 SV=2;1;1;1;1;0;0
P43243;MATR3;Matrin-3 OS=Homo sapiens GN=MATR3 PE=1 SV=2;0;0;0;1;0;0
P45880;VDAC2;Voltage-dependent anion-selective channel protein 2 OS=Homo sapiens GN=VDAC2 PE=1 SV=2;1;1;1;1;1;1
P45974;UBP5;Ubiquitin carboxyl-terminal hydrolase 5 OS=Homo sapiens GN=USP5 PE=1 SV=2;1;1;1;1;1;1
P46063;RECQ1;ATP-dependent DNA helicase Q1 OS=Homo sapiens GN=RECQL PE=1 SV=3;1;1;1;1;1;1
P46087;NOP2;Probable 28S rRNA (cytosine(4447)-C(5))-methyltransferase OS=Homo sapiens GN=NOP2 PE=1 SV=2;1;1;1;1;1;1
P46459;NSF;Vesicle-fusing ATPase OS=Homo sapiens GN=NSF PE=1 SV=3;1;1;1;1;1;1
P46776;RL27A;60S ribosomal protein L27a OS=Homo sapiens GN=RPL27A PE=1 SV=2;1;1;1;1;1;1
P46777;RL5;60S ribosomal protein L5 OS=Homo sapiens GN=RPL5 PE=1 SV=3;1;1;1;1;1;1
P46940;IQGA1;Ras GTPase-activating-like protein IQGAP1 OS=Homo sapiens GN=IQGAP1 PE=1 SV=1;1;1;1;1;1;1
P46976;GLYG;Glycogenin-1 OS=Homo sapiens GN=GYG1 PE=1 SV=4;1;1;1;1;1;1
P46977;STT3A;Dolichyl-diphosphooligosaccharide--protein glycosyltransferase subunit STT3A OS=Homo sapiens GN=STT3A PE=1 SV=2;1;1;1;1;1;1
P47897;SYQ;Glutamine--tRNA ligase OS=Homo sapiens GN=QARS PE=1 SV=1;1;1;1;1;1;1
P48147;PPCE;Prolyl endopeptidase OS=Homo sapiens GN=PREP PE=1 SV=2;1;1;1;1;1;1
P48444;COPD;Coatomer subunit delta OS=Homo sapiens GN=ARCN1 PE=1 SV=1;1;1;1;1;1;1
P48634;PRC2A;Protein PRRC2A OS=Homo sapiens GN=PRRC2A PE=1 SV=3;1;1;1;1;1;1
P49257;LMAN1;Protein ERGIC-53 OS=Homo sapiens GN=LMAN1 PE=1 SV=2;1;1;1;1;1;1
P49411;EFTU;Elongation factor Tu, mitochondrial OS=Homo sapiens GN=TUFM PE=1 SV=2;1;1;1;1;1;1
P49588;SYAC;Alanine--tRNA ligase, cytoplasmic OS=Homo sapiens GN=AARS PE=1 SV=2;1;1;1;1;1;1
P49748;ACADV;Very long-chain specific acyl-CoA dehydrogenase, mitochondrial OS=Homo sapiens GN=ACADVL PE=1 SV=1;0;0;0;1;0;0
P49750;YLPM1;YLP motif-containing protein 1 OS=Homo sapiens GN=YLPM1 PE=1 SV=3;1;1;1;1;1;1
P49756;RBM25;RNA-binding protein 25 OS=Homo sapiens GN=RBM25 PE=1 SV=3;1;1;1;1;0;1
P49790;NU153;Nuclear pore complex protein Nup153 OS=Homo sapiens GN=NUP153 PE=1 SV=2;1;1;1;1;1;1
P50395;GDIB;Rab GDP dissociation inhibitor beta OS=Homo sapiens GN=GDI2 PE=1 SV=2;1;1;1;1;1;1
P50454;SERPH;Serpin H1 OS=Homo sapiens GN=SERPINH1 PE=1 SV=2;1;1;1;1;1;1
P50552;VASP;Vasodilator-stimulated phosphoprotein OS=Homo sapiens GN=VASP PE=1 SV=3;1;1;1;1;1;1
P50570;DYN2;Dynamin-2 OS=Homo sapiens GN=DNM2 PE=1 SV=2;1;1;1;1;1;1
P50991;TCPD;T-complex protein 1 subunit delta OS=Homo sapiens GN=CCT4 PE=1 SV=4;1;0;1;0;0;0
P51114;FXR1;Fragile X mental retardation syndrome-related protein 1 OS=Homo sapiens GN=FXR1 PE=1 SV=3;1;1;1;1;1;1
P51116;FXR2;Fragile X mental retardation syndrome-related protein 2 OS=Homo sapiens GN=FXR2 PE=1 SV=2;0;0;0;1;0;0
P51153;RAB13;Ras-related protein Rab-13 OS=Homo sapiens GN=RAB13 PE=1 SV=1;1;1;1;1;1;1
P51531;SMCA2;Probable global transcription activator SNF2L2 OS=Homo sapiens GN=SMARCA2 PE=1 SV=2;1;1;1;1;1;1
P51532;SMCA4;Transcription activator BRG1 OS=Homo sapiens GN=SMARCA4 PE=1 SV=2;1;1;1;1;1;1
P51659;DHB4;Peroxisomal multifunctional enzyme type 2 OS=Homo sapiens GN=HSD17B4 PE=1 SV=3;1;1;1;1;1;1
P51991;ROA3;Heterogeneous nuclear ribonucleoprotein A3 OS=Homo sapiens GN=HNRNPA3 PE=1 SV=2;1;1;1;1;1;1
P52630;STAT2;Signal transducer and activator of transcription 2 OS=Homo sapiens GN=STAT2 PE=1 SV=1;0;1;0;1;0;1
P52701;MSH6;DNA mismatch repair protein Msh6 OS=Homo sapiens GN=MSH6 PE=1 SV=2;1;1;1;1;1;1
P52948;NUP98;Nuclear pore complex protein Nup98-Nup96 OS=Homo sapiens GN=NUP98 PE=1 SV=4;1;1;1;1;1;1
P53396;ACLY;ATP-citrate synthase OS=Homo sapiens GN=ACLY PE=1 SV=3;1;1;1;1;1;1
P53618;COPB;Coatomer subunit beta OS=Homo sapiens GN=COPB1 PE=1 SV=3;1;1;1;1;1;1
P53621;COPA;Coatomer subunit alpha OS=Homo sapiens GN=COPA PE=1 SV=2;1;1;1;1;1;1
P53814;SMTN;Smoothelin OS=Homo sapiens GN=SMTN PE=1 SV=7;1;1;1;1;1;1
P53992;SC24C;Protein transport protein Sec24C OS=Homo sapiens GN=SEC24C PE=1 SV=3;1;1;1;1;1;1
P54886;P5CS;Delta-1-pyrroline-5-carboxylate synthase OS=Homo sapiens GN=ALDH18A1 PE=1 SV=2;1;1;1;1;1;1
P55072;TERA;Transitional endoplasmic reticulum ATPase OS=Homo sapiens GN=VCP PE=1 SV=4;1;1;1;1;1;1
P55196;AFAD;Afadin OS=Homo sapiens GN=AFDN PE=1 SV=3;1;1;1;1;1;1
P55265;DSRAD;Double-stranded RNA-specific adenosine deaminase OS=Homo sapiens GN=ADAR PE=1 SV=4;1;1;1;1;1;1
P60709;ACTB,ACTG;Actin, cytoplasmic 2 OS=Homo sapiens GN=ACTG1 PE=1 SV=1;0;1;0;1;0;1
P60953;CDC42;Cell division control protein 42 homolog OS=Homo sapiens GN=CDC42 PE=1 SV=2;1;1;1;1;1;1
P61006;RAB8A;Ras-related protein Rab-8A OS=Homo sapiens GN=RAB8A PE=1 SV=1;1;1;1;1;1;1
P61019;RAB2A;Ras-related protein Rab-2A OS=Homo sapiens GN=RAB2A PE=1 SV=1;1;1;0;0;0;0
P61026;RAB10;Ras-related protein Rab-10 OS=Homo sapiens GN=RAB10 PE=1 SV=1;1;1;1;1;1;1
P61106;RAB14;Ras-related protein Rab-14 OS=Homo sapiens GN=RAB14 PE=1 SV=4;1;1;0;1;1;1
P61204;ARF3,ARF1;ADP-ribosylation factor 1 OS=Homo sapiens GN=ARF1 PE=1 SV=2;1;0;1;1;0;0
P61254;RL26;60S ribosomal protein L26 OS=Homo sapiens GN=RPL26 PE=1 SV=1;1;1;1;1;0;1
P61313;RL15;60S ribosomal protein L15 OS=Homo sapiens GN=RPL15 PE=1 SV=2;1;1;1;1;1;1
P61353;RL27;60S ribosomal protein L27 OS=Homo sapiens GN=RPL27 PE=1 SV=2;1;0;0;0;0;0
P61619;S61A1;Protein transport protein Sec61 subunit alpha isoform 1 OS=Homo sapiens GN=SEC61A1 PE=1 SV=2;1;1;1;1;1;1
P61956;SUMO2;Small ubiquitin-related modifier 2 OS=Homo sapiens GN=SUMO2 PE=1 SV=3;1;1;1;1;0;0
P62081;RS7;40S ribosomal protein S7 OS=Homo sapiens GN=RPS7 PE=1 SV=1;1;1;1;1;1;1
P62241;RS8;40S ribosomal protein S8 OS=Homo sapiens GN=RPS8 PE=1 SV=2;1;1;1;1;1;1
P62266;RS23;40S ribosomal protein S23 OS=Homo sapiens GN=RPS23 PE=1 SV=3;1;1;1;1;1;0
P62280;RS11;40S ribosomal protein S11 OS=Homo sapiens GN=RPS11 PE=1 SV=3;1;0;0;0;0;0
P62314;SMD1;Small nuclear ribonucleoprotein Sm D1 OS=Homo sapiens GN=SNRPD1 PE=1 SV=1;1;1;1;1;1;1
P62424;RL7A;60S ribosomal protein L7a OS=Homo sapiens GN=RPL7A PE=1 SV=2;1;0;1;1;0;0
P62736;ACTA;Actin, aortic smooth muscle OS=Homo sapiens GN=ACTA2 PE=1 SV=1;1;1;1;1;1;1
P62753;RS6;40S ribosomal protein S6 OS=Homo sapiens GN=RPS6 PE=1 SV=1;1;1;1;1;1;1
P62820;RAB1A;Ras-related protein Rab-1A OS=Homo sapiens GN=RAB1A PE=1 SV=3;1;1;1;1;1;1
P62829;RL23;60S ribosomal protein L23 OS=Homo sapiens GN=RPL23 PE=1 SV=1;1;0;0;0;0;0
P62847;RS24;40S ribosomal protein S24 OS=Homo sapiens GN=RPS24 PE=1 SV=1;1;1;1;1;0;0
P62917;RL8;60S ribosomal protein L8 OS=Homo sapiens GN=RPL8 PE=1 SV=2;1;0;1;1;0;0
P62995;TRA2B;Transformer-2 protein homolog beta OS=Homo sapiens GN=TRA2B PE=1 SV=1;1;1;1;0;1;0
P63000;RAC1;Ras-related C3 botulinum toxin substrate 1 OS=Homo sapiens GN=RAC1 PE=1 SV=1;1;1;1;1;1;1
P63010;AP2B1;AP-2 complex subunit beta OS=Homo sapiens GN=AP2B1 PE=1 SV=1;1;1;1;1;1;1
P63151;2ABA;Serine/threonine-protein phosphatase 2A 55 kDa regulatory subunit B alpha isoform OS=Homo sapiens GN=PPP2R2A PE=1 SV=1;1;0;1;1;1;1
P63244;RACK1;Receptor of activated protein C kinase 1 OS=Homo sapiens GN=RACK1 PE=1 SV=3;1;1;1;1;1;1
P68104;EF1A1;Elongation factor 1-alpha 1 OS=Homo sapiens GN=EEF1A1 PE=1 SV=1;1;1;1;1;1;1
P68363;TBA1B;Tubulin alpha-1B chain OS=Homo sapiens GN=TUBA1B PE=1 SV=1;1;1;1;1;1;1
P78527;PRKDC;DNA-dependent protein kinase catalytic subunit OS=Homo sapiens GN=PRKDC PE=1 SV=3;1;1;1;1;1;1
P78559;MAP1A;Microtubule-associated protein 1A OS=Homo sapiens GN=MAP1A PE=1 SV=6;1;1;1;1;1;0
P83731;RL24;60S ribosomal protein L24 OS=Homo sapiens GN=RPL24 PE=1 SV=1;1;0;0;0;0;0
P83881;RL36A;60S ribosomal protein L36a OS=Homo sapiens GN=RPL36A PE=1 SV=2;1;1;1;1;0;0
P85037;FOXK1;Forkhead box protein K1 OS=Homo sapiens GN=FOXK1 PE=1 SV=1;0;1;0;0;0;0
P98082;DAB2;Disabled homolog 2 OS=Homo sapiens GN=DAB2 PE=1 SV=3;1;1;1;1;1;1
Q00325;MPCP;Phosphate carrier protein, mitochondrial OS=Homo sapiens GN=SLC25A3 PE=1 SV=2;1;1;1;1;1;1
Q00341;VIGLN;Vigilin OS=Homo sapiens GN=HDLBP PE=1 SV=2;1;0;1;0;1;0
Q01082;SPTB2;Spectrin beta chain, non-erythrocytic 1 OS=Homo sapiens GN=SPTBN1 PE=1 SV=2;1;1;1;1;0;1
Q01167;FOXK2;Forkhead box protein K2 OS=Homo sapiens GN=FOXK2 PE=1 SV=3;1;1;1;1;1;1
Q01196;RUNX1;Runt-related transcription factor 1 OS=Homo sapiens GN=RUNX1 PE=1 SV=3;0;1;0;1;0;0
Q01518;CAP1;Adenylyl cyclase-associated protein 1 OS=Homo sapiens GN=CAP1 PE=1 SV=5;1;1;1;1;1;1
Q02218;ODO1;2-oxoglutarate dehydrogenase, mitochondrial OS=Homo sapiens GN=OGDH PE=1 SV=3;1;0;0;1;0;1
Q02241;KIF23;Kinesin-like protein KIF23 OS=Homo sapiens GN=KIF23 PE=1 SV=3;1;1;1;1;1;1
Q02543;RL18A;60S ribosomal protein L18a OS=Homo sapiens GN=RPL18A PE=1 SV=2;1;1;1;1;1;1
Q02809;PLOD1;Procollagen-lysine,2-oxoglutarate 5-dioxygenase 1 OS=Homo sapiens GN=PLOD1 PE=1 SV=2;1;0;1;1;0;1
Q02878;RL6;60S ribosomal protein L6 OS=Homo sapiens GN=RPL6 PE=1 SV=3;0;1;0;1;0;1
Q02880;TOP2B;DNA topoisomerase 2-beta OS=Homo sapiens GN=TOP2B PE=1 SV=3;1;1;1;1;1;1
Q03701;CEBPZ;CCAAT/enhancer-binding protein zeta OS=Homo sapiens GN=CEBPZ PE=1 SV=3;1;1;1;1;1;1
Q04206;TF65;Transcription factor p65 OS=Homo sapiens GN=RELA PE=1 SV=2;1;1;1;1;1;1
Q04637;IF4G1;Eukaryotic translation initiation factor 4 gamma 1 OS=Homo sapiens GN=EIF4G1 PE=1 SV=4;0;1;0;0;0;0
Q05193;DYN1;Dynamin-1 OS=Homo sapiens GN=DNM1 PE=1 SV=2;1;1;1;1;1;1
Q05209;PTN12;Tyrosine-protein phosphatase non-receptor type 12 OS=Homo sapiens GN=PTPN12 PE=1 SV=3;1;0;1;1;1;1
Q05397;FAK1;Focal adhesion kinase 1 OS=Homo sapiens GN=PTK2 PE=1 SV=2;1;1;0;1;0;0
Q06210;GFPT1;Glutamine--fructose-6-phosphate aminotransferase [isomerizing] 1 OS=Homo sapiens GN=GFPT1 PE=1 SV=3;1;1;1;1;1;1
Q06830;PRDX1;Peroxiredoxin-1 OS=Homo sapiens GN=PRDX1 PE=1 SV=1;1;1;1;1;0;1
Q07020;RL18;60S ribosomal protein L18 OS=Homo sapiens GN=RPL18 PE=1 SV=2;1;0;0;0;0;0
Q08945;SSRP1;FACT complex subunit SSRP1 OS=Homo sapiens GN=SSRP1 PE=1 SV=1;1;1;1;1;1;1
Q10567;AP1B1;AP-1 complex subunit beta-1 OS=Homo sapiens GN=AP1B1 PE=1 SV=2;0;0;1;0;0;0
Q10570;CPSF1;Cleavage and polyadenylation specificity factor subunit 1 OS=Homo sapiens GN=CPSF1 PE=1 SV=2;1;1;1;1;1;1
Q12788;TBL3;Transducin beta-like protein 3 OS=Homo sapiens GN=TBL3 PE=1 SV=2;1;1;1;1;1;1
Q12834;CDC20;Cell division cycle protein 20 homolog OS=Homo sapiens GN=CDC20 PE=1 SV=2;1;0;1;1;1;0
Q12906;ILF3;Interleukin enhancer-binding factor 3 OS=Homo sapiens GN=ILF3 PE=1 SV=3;1;1;1;1;1;1
Q12965;MYO1E;Unconventional myosin-Ie OS=Homo sapiens GN=MYO1E PE=1 SV=2;1;1;1;1;0;1
Q13148;TADBP;TAR DNA-binding protein 43 OS=Homo sapiens GN=TARDBP PE=1 SV=1;1;1;1;1;1;0
Q13151;ROA0;Heterogeneous nuclear ribonucleoprotein A0 OS=Homo sapiens GN=HNRNPA0 PE=1 SV=1;1;0;1;1;1;0
Q13162;PRDX4;Peroxiredoxin-4 OS=Homo sapiens GN=PRDX4 PE=1 SV=1;1;0;1;1;1;1
Q13206;DDX10;Probable ATP-dependent RNA helicase DDX10 OS=Homo sapiens GN=DDX10 PE=1 SV=2;0;1;0;1;0;1
Q13247;SRSF6;Serine/arginine-rich splicing factor 6 OS=Homo sapiens GN=SRSF6 PE=1 SV=2;1;1;1;1;0;0
Q13310;PABP4;Polyadenylate-binding protein 4 OS=Homo sapiens GN=PABPC4 PE=1 SV=1;1;1;1;1;1;0
Q13409;DC1I2;Cytoplasmic dynein 1 intermediate chain 2 OS=Homo sapiens GN=DYNC1I2 PE=1 SV=3;1;1;1;1;1;0
Q13423;NNTM;NAD(P) transhydrogenase, mitochondrial OS=Homo sapiens GN=NNT PE=1 SV=3;1;1;1;1;1;1
Q13428;TCOF;Treacle protein OS=Homo sapiens GN=TCOF1 PE=1 SV=3;1;1;1;1;1;1
Q13617;CUL2;Cullin-2 OS=Homo sapiens GN=CUL2 PE=1 SV=2;1;1;1;1;1;1
Q13724;MOGS;Mannosyl-oligosaccharide glucosidase OS=Homo sapiens GN=MOGS PE=1 SV=5;1;0;1;1;1;0
Q14008;CKAP5;Cytoskeleton-associated protein 5 OS=Homo sapiens GN=CKAP5 PE=1 SV=3;1;1;1;1;1;1
Q14137;BOP1;Ribosome biogenesis protein BOP1 OS=Homo sapiens GN=BOP1 PE=1 SV=2;1;1;1;1;1;1
Q14151;SAFB2;Scaffold attachment factor B2 OS=Homo sapiens GN=SAFB2 PE=1 SV=1;1;1;1;1;1;1
Q14152;EIF3A;Eukaryotic translation initiation factor 3 subunit A OS=Homo sapiens GN=EIF3A PE=1 SV=1;1;1;1;1;1;1
Q14160;SCRIB;Protein scribble homolog OS=Homo sapiens GN=SCRIB PE=1 SV=4;1;1;1;1;1;1
Q14204;DYHC1;Cytoplasmic dynein 1 heavy chain 1 OS=Homo sapiens GN=DYNC1H1 PE=1 SV=5;1;1;1;1;1;1
Q14258;TRI25;E3 ubiquitin/ISG15 ligase TRIM25 OS=Homo sapiens GN=TRIM25 PE=1 SV=2;1;1;1;1;1;1
Q14562;DHX8;ATP-dependent RNA helicase DHX8 OS=Homo sapiens GN=DHX8 PE=1 SV=1;0;1;0;1;0;0
Q14669;TRIPC;E3 ubiquitin-protein ligase TRIP12 OS=Homo sapiens GN=TRIP12 PE=1 SV=1;1;1;1;1;1;1
Q14676;MDC1;Mediator of DNA damage checkpoint protein 1 OS=Homo sapiens GN=MDC1 PE=1 SV=3;1;1;1;1;1;1
Q14683;SMC1A;Structural maintenance of chromosomes protein 1A OS=Homo sapiens GN=SMC1A PE=1 SV=2;1;0;1;0;0;0
Q14684;RRP1B;Ribosomal RNA processing protein 1 homolog B OS=Homo sapiens GN=RRP1B PE=1 SV=3;1;1;1;1;1;1
Q14690;RRP5;Protein RRP5 homolog OS=Homo sapiens GN=PDCD11 PE=1 SV=3;1;1;1;1;1;1
Q14692;BMS1;Ribosome biogenesis protein BMS1 homolog OS=Homo sapiens GN=BMS1 PE=1 SV=1;1;1;1;1;1;0
Q14694;UBP10;Ubiquitin carboxyl-terminal hydrolase 10 OS=Homo sapiens GN=USP10 PE=1 SV=2;1;1;1;1;1;1
Q14697;GANAB;Neutral alpha-glucosidase AB OS=Homo sapiens GN=GANAB PE=1 SV=3;1;1;1;1;1;1
Q14739;LBR;Lamin-B receptor OS=Homo sapiens GN=LBR PE=1 SV=2;1;1;1;1;1;1
Q14839;CHD4;Chromodomain-helicase-DNA-binding protein 4 OS=Homo sapiens GN=CHD4 PE=1 SV=2;1;1;0;0;0;0
Q14966;ZN638;Zinc finger protein 638 OS=Homo sapiens GN=ZNF638 PE=1 SV=2;1;1;1;1;1;1
Q14978;NOLC1;Nucleolar and coiled-body phosphoprotein 1 OS=Homo sapiens GN=NOLC1 PE=1 SV=2;1;1;1;1;1;1
Q14980;NUMA1;Nuclear mitotic apparatus protein 1 OS=Homo sapiens GN=NUMA1 PE=1 SV=2;1;1;1;1;1;1
Q15019;SEPT2;Septin-2 OS=Homo sapiens GN=SEPT2 PE=1 SV=1;1;1;0;1;1;0
Q15021;CND1;Condensin complex subunit 1 OS=Homo sapiens GN=NCAPD2 PE=1 SV=3;1;1;1;1;1;1
Q15233;NONO;Non-POU domain-containing octamer-binding protein OS=Homo sapiens GN=NONO PE=1 SV=4;1;0;1;0;1;0
Q15286;RAB35;Ras-related protein Rab-35 OS=Homo sapiens GN=RAB35 PE=1 SV=1;1;1;1;1;1;0
Q15393;SF3B3;Splicing factor 3B subunit 3 OS=Homo sapiens GN=SF3B3 PE=1 SV=4;1;1;1;1;1;1
Q15424;SAFB1;Scaffold attachment factor B1 OS=Homo sapiens GN=SAFB PE=1 SV=4;1;1;1;1;1;1
Q15436;SC23A;Protein transport protein Sec23A OS=Homo sapiens GN=SEC23A PE=1 SV=2;1;1;1;1;1;1
Q15629;TRAM1;Translocating chain-associated membrane protein 1 OS=Homo sapiens GN=TRAM1 PE=1 SV=3;1;1;0;1;0;0
Q15646;OASL;2'-5'-oligoadenylate synthase-like protein OS=Homo sapiens GN=OASL PE=1 SV=2;0;0;0;1;0;1
Q15811;ITSN1;Intersectin-1 OS=Homo sapiens GN=ITSN1 PE=1 SV=3;1;1;0;1;1;1
Q16531;DDB1;DNA damage-binding protein 1 OS=Homo sapiens GN=DDB1 PE=1 SV=1;1;1;1;1;1;1
Q16666;IF16;Gamma-interferon-inducible protein 16 OS=Homo sapiens GN=IFI16 PE=1 SV=3;1;1;1;1;1;1
Q16695;H31T,H33,H32,H31;Histone H3.1 OS=Homo sapiens GN=HIST1H3A PE=1 SV=2;1;1;1;1;1;1
Q16881;TRXR1;Thioredoxin reductase 1, cytoplasmic OS=Homo sapiens GN=TXNRD1 PE=1 SV=3;1;0;1;1;1;0
Q29RF7;PDS5A;Sister chromatid cohesion protein PDS5 homolog A OS=Homo sapiens GN=PDS5A PE=1 SV=1;1;1;1;1;1;1
Q2M2I8;AAK1;AP2-associated protein kinase 1 OS=Homo sapiens GN=AAK1 PE=1 SV=3;1;1;1;1;1;1
Q2NL82;TSR1;Pre-rRNA-processing protein TSR1 homolog OS=Homo sapiens GN=TSR1 PE=1 SV=1;1;1;1;1;1;0
Q2TAY7;SMU1;WD40 repeat-containing protein SMU1 OS=Homo sapiens GN=SMU1 PE=1 SV=2;1;0;1;1;0;0
Q460N5;PAR14;Poly [ADP-ribose] polymerase 14 OS=Homo sapiens GN=PARP14 PE=1 SV=3;0;1;1;1;0;1
Q53GS9;SNUT2;U4/U6.U5 tri-snRNP-associated protein 2 OS=Homo sapiens GN=USP39 PE=1 SV=2;1;1;1;1;1;0
Q58FF8;H90B2;Putative heat shock protein HSP 90-beta 2 OS=Homo sapiens GN=HSP90AB2P PE=1 SV=2;1;1;1;1;1;1
Q5JSZ5;PRC2B;Protein PRRC2B OS=Homo sapiens GN=PRRC2B PE=1 SV=2;1;1;1;1;1;1
Q5JTH9;RRP12;RRP12-like protein OS=Homo sapiens GN=RRP12 PE=1 SV=2;1;1;1;1;1;1
Q5K651;SAMD9;Sterile alpha motif domain-containing protein 9 OS=Homo sapiens GN=SAMD9 PE=1 SV=1;1;1;1;1;1;1
Q5QJE6;TDIF2;Deoxynucleotidyltransferase terminal-interacting protein 2 OS=Homo sapiens GN=DNTTIP2 PE=1 SV=2;1;0;0;1;0;1
Q5SW79;CE170;Centrosomal protein of 170 kDa OS=Homo sapiens GN=CEP170 PE=1 SV=1;1;1;1;1;1;1
Q5SY16;NOL9;Polynucleotide 5'-hydroxyl-kinase NOL9 OS=Homo sapiens GN=NOL9 PE=1 SV=1;1;0;1;1;1;0
Q5T5P2;SKT;Sickle tail protein homolog OS=Homo sapiens GN=KIAA1217 PE=1 SV=2;1;1;1;1;1;1
Q5T6F2;UBAP2;Ubiquitin-associated protein 2 OS=Homo sapiens GN=UBAP2 PE=1 SV=1;1;1;1;1;1;1
Q5T8P6;RBM26;RNA-binding protein 26 OS=Homo sapiens GN=RBM26 PE=1 SV=3;1;1;1;1;1;1
Q5VT52;RPRD2;Regulation of nuclear pre-mRNA domain-containing protein 2 OS=Homo sapiens GN=RPRD2 PE=1 SV=1;1;1;1;1;1;1
Q5VYK3;ECM29;Proteasome-associated protein ECM29 homolog OS=Homo sapiens GN=ECM29 PE=1 SV=2;1;1;1;1;1;1
Q641Q2;FA21A;WASH complex subunit FAM21A OS=Homo sapiens GN=FAM21A PE=1 SV=3;1;1;1;1;1;1
Q66K74;MAP1S;Microtubule-associated protein 1S OS=Homo sapiens GN=MAP1S PE=1 SV=2;1;1;1;1;1;1
Q68D10;SPT2;Protein SPT2 homolog OS=Homo sapiens GN=SPTY2D1 PE=1 SV=3;1;1;1;1;1;1
Q6P1J9;CDC73;Parafibromin OS=Homo sapiens GN=CDC73 PE=1 SV=1;1;0;1;1;0;1
Q6PJG2;EMSA1;ELM2 and SANT domain-containing protein 1 OS=Homo sapiens GN=ELMSAN1 PE=1 SV=2;1;1;1;1;1;1
Q6PJT7;ZC3HE;Zinc finger CCCH domain-containing protein 14 OS=Homo sapiens GN=ZC3H14 PE=1 SV=1;1;0;1;1;1;1
Q6PKG0;LARP1;La-related protein 1 OS=Homo sapiens GN=LARP1 PE=1 SV=2;1;1;1;1;1;1
Q6UB35;C1TM;Monofunctional C1-tetrahydrofolate synthase, mitochondrial OS=Homo sapiens GN=MTHFD1L PE=1 SV=1;1;1;1;1;1;1
Q6Y7W6;PERQ2;PERQ amino acid-rich with GYF domain-containing protein 2 OS=Homo sapiens GN=GIGYF2 PE=1 SV=1;1;1;1;1;1;1
Q6ZRV2;FA83H;Protein FAM83H OS=Homo sapiens GN=FAM83H PE=1 SV=3;1;1;1;1;1;1
Q6ZSR9;YJ005;Uncharacterized protein FLJ45252 OS=Homo sapiens PE=2 SV=2;1;1;1;1;1;1
Q7KZI7;MARK2;Serine/threonine-protein kinase MARK2 OS=Homo sapiens GN=MARK2 PE=1 SV=2;1;0;1;1;0;0
Q7L2E3;DHX30;Putative ATP-dependent RNA helicase DHX30 OS=Homo sapiens GN=DHX30 PE=1 SV=1;1;1;1;1;1;1
Q7Z2W4;ZCCHV;Zinc finger CCCH-type antiviral protein 1 OS=Homo sapiens GN=ZC3HAV1 PE=1 SV=3;1;1;1;1;1;1
Q7Z406;MYH14;Myosin-14 OS=Homo sapiens GN=MYH14 PE=1 SV=2;1;1;1;1;1;1
Q7Z478;DHX29;ATP-dependent RNA helicase DHX29 OS=Homo sapiens GN=DHX29 PE=1 SV=2;1;1;1;1;1;1
Q86U86;PB1;Protein polybromo-1 OS=Homo sapiens GN=PBRM1 PE=1 SV=1;1;1;1;1;1;1
Q86UU1;PHLB1;Pleckstrin homology-like domain family B member 1 OS=Homo sapiens GN=PHLDB1 PE=1 SV=1;1;1;1;1;1;1
Q86V48;LUZP1;Leucine zipper protein 1 OS=Homo sapiens GN=LUZP1 PE=1 SV=2;1;1;1;1;1;1
Q86VI3;IQGA3;Ras GTPase-activating-like protein IQGAP3 OS=Homo sapiens GN=IQGAP3 PE=1 SV=2;1;1;1;1;1;1
Q86XP3;DDX42;ATP-dependent RNA helicase DDX42 OS=Homo sapiens GN=DDX42 PE=1 SV=1;1;1;1;1;1;1
Q86YZ3;HORN;Hornerin OS=Homo sapiens GN=HRNR PE=1 SV=2;0;1;0;0;0;0
Q8IVF2;AHNK2;Protein AHNAK2 OS=Homo sapiens GN=AHNAK2 PE=1 SV=2;1;1;1;1;1;1
Q8IVT2;MISP;Mitotic interactor and substrate of PLK1 OS=Homo sapiens GN=MISP PE=1 SV=1;0;0;1;0;1;0
Q8IWA0;WDR75;WD repeat-containing protein 75 OS=Homo sapiens GN=WDR75 PE=1 SV=1;1;1;1;1;1;1
Q8IX12;CCAR1;Cell division cycle and apoptosis regulator protein 1 OS=Homo sapiens GN=CCAR1 PE=1 SV=2;1;1;1;1;1;0
Q8IXB1;DJC10;DnaJ homolog subfamily C member 10 OS=Homo sapiens GN=DNAJC10 PE=1 SV=2;1;1;1;1;1;1
Q8IXS6;PALM2;Paralemmin-2 OS=Homo sapiens GN=PALM2 PE=1 SV=3;1;0;0;1;1;0
Q8IXT5;RB12B;RNA-binding protein 12B OS=Homo sapiens GN=RBM12B PE=1 SV=2;1;1;1;1;1;1
Q8IY33;MILK2;MICAL-like protein 2 OS=Homo sapiens GN=MICALL2 PE=1 SV=1;0;1;0;0;1;0
Q8IY37;DHX37;Probable ATP-dependent RNA helicase DHX37 OS=Homo sapiens GN=DHX37 PE=1 SV=1;1;1;1;1;0;1
Q8IY81;SPB1;pre-rRNA processing protein FTSJ3 OS=Homo sapiens GN=FTSJ3 PE=1 SV=2;1;1;0;1;0;0
Q8IYB3;SRRM1;Serine/arginine repetitive matrix protein 1 OS=Homo sapiens GN=SRRM1 PE=1 SV=2;1;1;0;1;0;0
Q8IZ21;PHAR4;Phosphatase and actin regulator 4 OS=Homo sapiens GN=PHACTR4 PE=1 SV=1;0;0;0;1;0;1
Q8N1G2;CMTR1;Cap-specific mRNA (nucleoside-2'-O-)-methyltransferase 1 OS=Homo sapiens GN=CMTR1 PE=1 SV=1;1;1;1;1;1;1
Q8N3D4;EH1L1;EH domain-binding protein 1-like protein 1 OS=Homo sapiens GN=EHBP1L1 PE=1 SV=2;1;1;1;1;1;1
Q8N3V7;SYNPO;Synaptopodin OS=Homo sapiens GN=SYNPO PE=1 SV=2;1;1;1;1;1;1
Q8N6H7;ARFG2;ADP-ribosylation factor GTPase-activating protein 2 OS=Homo sapiens GN=ARFGAP2 PE=1 SV=1;1;1;1;1;1;1
Q8N766;EMC1;ER membrane protein complex subunit 1 OS=Homo sapiens GN=EMC1 PE=1 SV=1;0;0;1;1;0;0
Q8NDI1;EHBP1;EH domain-binding protein 1 OS=Homo sapiens GN=EHBP1 PE=1 SV=3;1;1;1;1;1;1
Q8NDT2;RB15B;Putative RNA-binding protein 15B OS=Homo sapiens GN=RBM15B PE=1 SV=3;0;0;0;0;0;1
Q8NE71;ABCF1;ATP-binding cassette sub-family F member 1 OS=Homo sapiens GN=ABCF1 PE=1 SV=2;1;1;1;1;1;1
Q8NFD5;ARI1B;AT-rich interactive domain-containing protein 1B OS=Homo sapiens GN=ARID1B PE=1 SV=2;0;0;1;1;1;0
Q8NHV4;NEDD1;Protein NEDD1 OS=Homo sapiens GN=NEDD1 PE=1 SV=1;1;1;0;0;0;0
Q8NI36;WDR36;WD repeat-containing protein 36 OS=Homo sapiens GN=WDR36 PE=1 SV=1;1;1;1;1;1;1
Q8TCJ2;STT3B;Dolichyl-diphosphooligosaccharide--protein glycosyltransferase subunit STT3B OS=Homo sapiens GN=STT3B PE=1 SV=1;1;0;0;1;0;1
Q8TCS8;PNPT1;Polyribonucleotide nucleotidyltransferase 1, mitochondrial OS=Homo sapiens GN=PNPT1 PE=1 SV=2;1;1;0;1;0;1
Q8TCT9;HM13;Minor histocompatibility antigen H13 OS=Homo sapiens GN=HM13 PE=1 SV=1;1;1;1;1;1;1
Q8TDD1;DDX54;ATP-dependent RNA helicase DDX54 OS=Homo sapiens GN=DDX54 PE=1 SV=2;1;0;0;0;0;0
Q8TDN6;BRX1;Ribosome biogenesis protein BRX1 homolog OS=Homo sapiens GN=BRIX1 PE=1 SV=2;1;0;1;1;0;1
Q8TED0;UTP15;U3 small nucleolar RNA-associated protein 15 homolog OS=Homo sapiens GN=UTP15 PE=1 SV=3;1;1;1;1;1;1
Q8TEW0;PARD3;Partitioning defective 3 homolog OS=Homo sapiens GN=PARD3 PE=1 SV=2;1;1;1;1;1;1
Q8WWI1;LMO7;LIM domain only protein 7 OS=Homo sapiens GN=LMO7 PE=1 SV=3;1;1;1;1;1;1
Q8WWM7;ATX2L;Ataxin-2-like protein OS=Homo sapiens GN=ATXN2L PE=1 SV=2;1;1;1;1;1;1
Q92466;DDB2;DNA damage-binding protein 2 OS=Homo sapiens GN=DDB2 PE=1 SV=1;1;1;1;1;0;0
Q92499;DDX1;ATP-dependent RNA helicase DDX1 OS=Homo sapiens GN=DDX1 PE=1 SV=2;1;1;1;1;1;1
Q92614;MY18A;Unconventional myosin-XVIIIa OS=Homo sapiens GN=MYO18A PE=1 SV=3;1;1;1;1;0;1
Q92616;GCN1;eIF-2-alpha kinase activator GCN1 OS=Homo sapiens GN=GCN1 PE=1 SV=6;1;1;1;1;1;1
Q92620;PRP16;Pre-mRNA-splicing factor ATP-dependent RNA helicase PRP16 OS=Homo sapiens GN=DHX38 PE=1 SV=2;1;1;1;1;1;1
Q92621;NU205;Nuclear pore complex protein Nup205 OS=Homo sapiens GN=NUP205 PE=1 SV=3;1;1;1;1;1;1
Q92841;DDX17;Probable ATP-dependent RNA helicase DDX17 OS=Homo sapiens GN=DDX17 PE=1 SV=2;1;0;0;1;0;1
Q92900;RENT1;Regulator of nonsense transcripts 1 OS=Homo sapiens GN=UPF1 PE=1 SV=2;1;1;1;1;1;1
Q92930;RAB8B;Ras-related protein Rab-8B OS=Homo sapiens GN=RAB8B PE=1 SV=2;1;1;1;1;0;1
Q92974;ARHG2;Rho guanine nucleotide exchange factor 2 OS=Homo sapiens GN=ARHGEF2 PE=1 SV=4;1;1;1;1;1;1
Q93009;UBP7;Ubiquitin carboxyl-terminal hydrolase 7 OS=Homo sapiens GN=USP7 PE=1 SV=2;1;1;1;1;1;1
Q969H8;MYDGF;Myeloid-derived growth factor OS=Homo sapiens GN=MYDGF PE=1 SV=1;1;1;1;1;0;1
Q969Q0;RL36L;60S ribosomal protein L36a-like OS=Homo sapiens GN=RPL36AL PE=1 SV=3;1;1;0;0;0;0
Q969X6;UTP4;U3 small nucleolar RNA-associated protein 4 homolog OS=Homo sapiens GN=UTP4 PE=1 SV=1;1;1;1;1;1;1
Q96AC1;FERM2;Fermitin family homolog 2 OS=Homo sapiens GN=FERMT2 PE=1 SV=1;1;1;1;1;1;1
Q96CW1;AP2M1;AP-2 complex subunit mu OS=Homo sapiens GN=AP2M1 PE=1 SV=2;1;1;1;1;1;1
Q96E39;RMXL1;RNA binding motif protein, X-linked-like-1 OS=Homo sapiens GN=RBMXL1 PE=1 SV=1;1;1;1;1;1;1
Q96EE3;SEH1;Nucleoporin SEH1 OS=Homo sapiens GN=SEH1L PE=1 SV=3;1;1;1;1;1;1
Q96FS4;SIPA1;Signal-induced proliferation-associated protein 1 OS=Homo sapiens GN=SIPA1 PE=1 SV=1;1;1;1;1;1;1
Q96GQ7;DDX27;Probable ATP-dependent RNA helicase DDX27 OS=Homo sapiens GN=DDX27 PE=1 SV=2;1;1;1;1;1;1
Q96HC4;PDLI5;PDZ and LIM domain protein 5 OS=Homo sapiens GN=PDLIM5 PE=1 SV=5;1;1;1;1;1;1
Q96KR1;ZFR;Zinc finger RNA-binding protein OS=Homo sapiens GN=ZFR PE=1 SV=2;1;1;1;1;1;1
Q96N66;MBOA7;Lysophospholipid acyltransferase 7 OS=Homo sapiens GN=MBOAT7 PE=1 SV=2;1;0;1;1;0;0
Q96QC0;PP1RA;Serine/threonine-protein phosphatase 1 regulatory subunit 10 OS=Homo sapiens GN=PPP1R10 PE=1 SV=1;1;1;1;1;1;1
Q96S97;MYADM;Myeloid-associated differentiation marker OS=Homo sapiens GN=MYADM PE=1 SV=2;1;1;1;1;1;1
Q96ST3;SIN3A;Paired amphipathic helix protein Sin3a OS=Homo sapiens GN=SIN3A PE=1 SV=2;1;1;1;1;1;1
Q96T37;RBM15;Putative RNA-binding protein 15 OS=Homo sapiens GN=RBM15 PE=1 SV=2;1;1;1;1;1;1
Q99613;EIF3C;Eukaryotic translation initiation factor 3 subunit C OS=Homo sapiens GN=EIF3C PE=1 SV=1;1;1;0;1;0;1
Q99700;ATX2;Ataxin-2 OS=Homo sapiens GN=ATXN2 PE=1 SV=2;1;1;1;1;1;1
Q99715;COCA1;Collagen alpha-1(XII) chain OS=Homo sapiens GN=COL12A1 PE=1 SV=2;1;1;1;1;1;1
Q99798;ACON;Aconitate hydratase, mitochondrial OS=Homo sapiens GN=ACO2 PE=1 SV=2;0;1;0;1;0;1
Q99832;TCPH;T-complex protein 1 subunit eta OS=Homo sapiens GN=CCT7 PE=1 SV=2;1;0;1;1;1;1
Q9BQ39;DDX50;ATP-dependent RNA helicase DDX50 OS=Homo sapiens GN=DDX50 PE=1 SV=1;1;1;1;1;1;1
Q9BQG0;MBB1A;Myb-binding protein 1A OS=Homo sapiens GN=MYBBP1A PE=1 SV=2;1;1;1;1;1;1
Q9BRD0;BUD13;BUD13 homolog OS=Homo sapiens GN=BUD13 PE=1 SV=1;1;1;1;1;0;0
Q9BSC4;NOL10;Nucleolar protein 10 OS=Homo sapiens GN=NOL10 PE=1 SV=1;1;1;1;1;1;1
Q9BSJ8;ESYT1;Extended synaptotagmin-1 OS=Homo sapiens GN=ESYT1 PE=1 SV=1;1;1;1;1;1;1
Q9BUJ2;HNRL1;Heterogeneous nuclear ribonucleoprotein U-like protein 1 OS=Homo sapiens GN=HNRNPUL1 PE=1 SV=2;1;1;1;1;1;1
Q9BUQ8;DDX23;Probable ATP-dependent RNA helicase DDX23 OS=Homo sapiens GN=DDX23 PE=1 SV=3;1;1;1;1;1;0
Q9BVJ6;UT14A;U3 small nucleolar RNA-associated protein 14 homolog A OS=Homo sapiens GN=UTP14A PE=1 SV=1;1;1;1;1;1;1
Q9BXB5;OSB10;Oxysterol-binding protein-related protein 10 OS=Homo sapiens GN=OSBPL10 PE=1 SV=2;1;1;1;1;1;1
Q9BXF6;RFIP5;Rab11 family-interacting protein 5 OS=Homo sapiens GN=RAB11FIP5 PE=1 SV=1;1;1;1;1;1;1
Q9BY44;EIF2A;Eukaryotic translation initiation factor 2A OS=Homo sapiens GN=EIF2A PE=1 SV=3;1;1;1;1;1;1
Q9BYJ9;YTHD1;YTH domain-containing family protein 1 OS=Homo sapiens GN=YTHDF1 PE=1 SV=1;1;1;1;1;1;1
Q9C0B5;ZDHC5;Palmitoyltransferase ZDHHC5 OS=Homo sapiens GN=ZDHHC5 PE=1 SV=2;1;1;1;1;1;1
Q9C0C2;TB182;182 kDa tankyrase-1-binding protein OS=Homo sapiens GN=TNKS1BP1 PE=1 SV=4;1;1;1;1;1;1
Q9C0J8;WDR33;pre-mRNA 3' end processing protein WDR33 OS=Homo sapiens GN=WDR33 PE=1 SV=2;1;1;1;1;1;1
Q9GZL7;WDR12;Ribosome biogenesis protein WDR12 OS=Homo sapiens GN=WDR12 PE=1 SV=2;1;0;1;0;1;0
Q9GZR7;DDX24;ATP-dependent RNA helicase DDX24 OS=Homo sapiens GN=DDX24 PE=1 SV=1;1;1;1;1;0;1
Q9H0A0;NAT10;RNA cytidine acetyltransferase OS=Homo sapiens GN=NAT10 PE=1 SV=2;1;1;1;1;1;1
Q9H0D6;XRN2;5'-3' exoribonuclease 2 OS=Homo sapiens GN=XRN2 PE=1 SV=1;1;1;1;1;1;1
Q9H0U4;RAB1B;Ras-related protein Rab-1B OS=Homo sapiens GN=RAB1B PE=1 SV=1;1;1;1;1;1;1
Q9H2P0;ADNP;Activity-dependent neuroprotector homeobox protein OS=Homo sapiens GN=ADNP PE=1 SV=1;1;1;1;1;1;1
Q9H2U1;DHX36;ATP-dependent RNA helicase DHX36 OS=Homo sapiens GN=DHX36 PE=1 SV=2;1;1;1;1;1;1
Q9H583;HEAT1;HEAT repeat-containing protein 1 OS=Homo sapiens GN=HEATR1 PE=1 SV=3;1;1;1;1;1;1
Q9H6R4;NOL6;Nucleolar protein 6 OS=Homo sapiens GN=NOL6 PE=1 SV=2;1;1;1;1;1;1
Q9H8H2;DDX31;Probable ATP-dependent RNA helicase DDX31 OS=Homo sapiens GN=DDX31 PE=1 SV=2;0;0;0;1;0;0
Q9HCE1;MOV10;Putative helicase MOV-10 OS=Homo sapiens GN=MOV10 PE=1 SV=2;1;1;1;1;1;1
Q9NP61;ARFG3;ADP-ribosylation factor GTPase-activating protein 3 OS=Homo sapiens GN=ARFGAP3 PE=1 SV=1;1;1;1;1;1;1
Q9NQ55;SSF1;Suppressor of SWI4 1 homolog OS=Homo sapiens GN=PPAN PE=2 SV=1;1;1;1;1;0;0
Q9NQW6;ANLN;Anillin OS=Homo sapiens GN=ANLN PE=1 SV=2;1;1;1;1;1;1
Q9NR12;PDLI7;PDZ and LIM domain protein 7 OS=Homo sapiens GN=PDLIM7 PE=1 SV=1;1;1;1;0;1;0
Q9NR30;DDX21;Nucleolar RNA helicase 2 OS=Homo sapiens GN=DDX21 PE=1 SV=5;1;1;1;1;1;1
Q9NTI5;PDS5B;Sister chromatid cohesion protein PDS5 homolog B OS=Homo sapiens GN=PDS5B PE=1 SV=1;1;1;1;1;1;1
Q9NTJ3;SMC4;Structural maintenance of chromosomes protein 4 OS=Homo sapiens GN=SMC4 PE=1 SV=2;1;1;1;1;1;1
Q9NTZ6;RBM12;RNA-binding protein 12 OS=Homo sapiens GN=RBM12 PE=1 SV=1;1;1;1;1;1;1
Q9NUL3;STAU2;Double-stranded RNA-binding protein Staufen homolog 2 OS=Homo sapiens GN=STAU2 PE=1 SV=1;1;0;0;1;0;0
Q9NV06;DCA13;DDB1- and CUL4-associated factor 13 OS=Homo sapiens GN=DCAF13 PE=1 SV=2;1;1;1;1;1;1
Q9NVP1;DDX18;ATP-dependent RNA helicase DDX18 OS=Homo sapiens GN=DDX18 PE=1 SV=2;1;1;1;1;0;0
Q9NW13;RBM28;RNA-binding protein 28 OS=Homo sapiens GN=RBM28 PE=1 SV=3;1;1;1;1;1;0
Q9NW82;WDR70;WD repeat-containing protein 70 OS=Homo sapiens GN=WDR70 PE=1 SV=1;1;1;1;0;0;1
Q9NYF8;BCLF1;Bcl-2-associated transcription factor 1 OS=Homo sapiens GN=BCLAF1 PE=1 SV=2;1;1;1;1;1;1
Q9NYV4;CDK12;Cyclin-dependent kinase 12 OS=Homo sapiens GN=CDK12 PE=1 SV=2;1;1;1;1;1;1
Q9NZ01;TECR;Very-long-chain enoyl-CoA reductase OS=Homo sapiens GN=TECR PE=1 SV=1;1;1;1;1;1;0
Q9NZB2;F120A;Constitutive coactivator of PPAR-gamma-like protein 1 OS=Homo sapiens GN=FAM120A PE=1 SV=2;1;1;1;1;1;1
Q9P035;HACD3;Very-long-chain (3R)-3-hydroxyacyl-CoA dehydratase 3 OS=Homo sapiens GN=HACD3 PE=1 SV=2;1;1;1;1;1;1
Q9P258;RCC2;Protein RCC2 OS=Homo sapiens GN=RCC2 PE=1 SV=2;0;1;0;1;0;1
Q9P2E9;RRBP1;Ribosome-binding protein 1 OS=Homo sapiens GN=RRBP1 PE=1 SV=4;1;1;1;1;1;1
Q9P2J5;SYLC;Leucine--tRNA ligase, cytoplasmic OS=Homo sapiens GN=LARS PE=1 SV=2;1;1;1;1;1;1
Q9P2N5;RBM27;RNA-binding protein 27 OS=Homo sapiens GN=RBM27 PE=1 SV=2;1;1;1;1;1;1
Q9UBT2;SAE2;SUMO-activating enzyme subunit 2 OS=Homo sapiens GN=UBA2 PE=1 SV=2;1;1;1;1;1;1
Q9UDY2;ZO2;Tight junction protein ZO-2 OS=Homo sapiens GN=TJP2 PE=1 SV=2;1;1;1;1;1;1
Q9UEY8;ADDG;Gamma-adducin OS=Homo sapiens GN=ADD3 PE=1 SV=1;1;1;1;1;1;1
Q9UHB6;LIMA1;LIM domain and actin-binding protein 1 OS=Homo sapiens GN=LIMA1 PE=1 SV=1;1;0;1;0;1;0
Q9UHD1;CHRD1;Cysteine and histidine-rich domain-containing protein 1 OS=Homo sapiens GN=CHORDC1 PE=1 SV=2;1;1;1;1;1;1
Q9UHD8;SEPT9;Septin-9 OS=Homo sapiens GN=SEPT9 PE=1 SV=2;1;1;1;1;1;1
Q9UIG0;BAZ1B;Tyrosine-protein kinase BAZ1B OS=Homo sapiens GN=BAZ1B PE=1 SV=2;1;1;1;1;1;0
Q9UKV3;ACINU;Apoptotic chromatin condensation inducer in the nucleus OS=Homo sapiens GN=ACIN1 PE=1 SV=2;1;1;1;1;1;1
Q9UKX7;NUP50;Nuclear pore complex protein Nup50 OS=Homo sapiens GN=NUP50 PE=1 SV=2;1;1;1;1;1;1
Q9ULH1;ASAP1;Arf-GAP with SH3 domain, ANK repeat and PH domain-containing protein 1 OS=Homo sapiens GN=ASAP1 PE=1 SV=4;1;0;1;1;1;1
Q9ULV4;COR1C;Coronin-1C OS=Homo sapiens GN=CORO1C PE=1 SV=1;1;1;1;1;1;1
Q9ULW0;TPX2;Targeting protein for Xklp2 OS=Homo sapiens GN=TPX2 PE=1 SV=2;1;1;1;1;1;1
Q9UM54;MYO6;Unconventional myosin-VI OS=Homo sapiens GN=MYO6 PE=1 SV=4;1;1;1;1;1;1
Q9UMS4;PRP19;Pre-mRNA-processing factor 19 OS=Homo sapiens GN=PRPF19 PE=1 SV=1;1;1;1;1;1;1
Q9UNX4;WDR3;WD repeat-containing protein 3 OS=Homo sapiens GN=WDR3 PE=1 SV=1;1;1;1;1;1;1
Q9UPQ9;TNR6B;Trinucleotide repeat-containing gene 6B protein OS=Homo sapiens GN=TNRC6B PE=1 SV=4;1;1;1;1;1;1
Q9Y263;PLAP;Phospholipase A-2-activating protein OS=Homo sapiens GN=PLAA PE=1 SV=2;1;1;1;1;1;1
Q9Y2D5;AKAP2;A-kinase anchor protein 2 OS=Homo sapiens GN=AKAP2 PE=1 SV=3;1;1;1;1;1;1
Q9Y2J2;E41L3;Band 4.1-like protein 3 OS=Homo sapiens GN=EPB41L3 PE=1 SV=2;1;1;1;1;1;1
Q9Y2L1;RRP44;Exosome complex exonuclease RRP44 OS=Homo sapiens GN=DIS3 PE=1 SV=2;1;1;1;1;1;1
Q9Y2T2;AP3M1;AP-3 complex subunit mu-1 OS=Homo sapiens GN=AP3M1 PE=1 SV=1;1;1;0;1;0;0
Q9Y2W1;TR150;Thyroid hormone receptor-associated protein 3 OS=Homo sapiens GN=THRAP3 PE=1 SV=2;1;1;1;1;1;1
Q9Y305;ACOT9;Acyl-coenzyme A thioesterase 9, mitochondrial OS=Homo sapiens GN=ACOT9 PE=1 SV=2;1;0;0;0;0;1
Q9Y450;HBS1L;HBS1-like protein OS=Homo sapiens GN=HBS1L PE=1 SV=1;1;1;1;1;1;1
Q9Y490;TLN1;Talin-1 OS=Homo sapiens GN=TLN1 PE=1 SV=3;1;0;1;0;1;0
Q9Y496;KIF3A;Kinesin-like protein KIF3A OS=Homo sapiens GN=KIF3A PE=1 SV=4;1;0;0;0;0;0
Q9Y4E1;FA21C;WASH complex subunit FAM21C OS=Homo sapiens GN=FAM21C PE=1 SV=3;1;1;1;1;1;1
Q9Y512;SAM50;Sorting and assembly machinery component 50 homolog OS=Homo sapiens GN=SAMM50 PE=1 SV=3;0;1;0;0;0;0
Q9Y520;PRC2C;Protein PRRC2C OS=Homo sapiens GN=PRRC2C PE=1 SV=4;1;1;1;1;1;1
Q9Y5A9;YTHD2;YTH domain-containing family protein 2 OS=Homo sapiens GN=YTHDF2 PE=1 SV=2;1;1;1;1;1;1
Q9Y613;FHOD1;FH1/FH2 domain-containing protein 1 OS=Homo sapiens GN=FHOD1 PE=1 SV=3;1;1;1;1;1;1
Q9Y618;NCOR2;Nuclear receptor corepressor 2 OS=Homo sapiens GN=NCOR2 PE=1 SV=2;1;1;1;1;1;1
Q9Y678;COPG1;Coatomer subunit gamma-1 OS=Homo sapiens GN=COPG1 PE=1 SV=1;1;1;1;1;1;1
Q9Y6K5;OAS3;2'-5'-oligoadenylate synthase 3 OS=Homo sapiens GN=OAS3 PE=1 SV=3;0;1;0;1;0;1
W6A2J7W6A2J7_CHIKV;tr|W6A2J7|W6A2J7_CHIKV;Structural polyprotein OS=Chikungunya virus GN=gp2 PE=4 SV=1;1;1;1;1;1;1
